;;185.73.125.8;;
;;69.4.234.20;;
;;94.232.46.202;;
;;185.59.221.75;;
;;2.147.68.96;;
;;101.200.241.19;;
;;103.13.67.4;;
;;103.205.140.177;;
;;103.5.173.54;;
;;104.168.14.116;;
;;104.194.222.219;;
;;104.20.208.21;;
;;104.237.233.17;;
;;104.237.233.38;;
;;104.237.233.39;;
;;104.237.233.40;;
;;104.237.233.60;;
;;104.237.255.195;;
;;104.237.255.212;;
;;104.31.80.81;;
;;106.187.38.21;;
;;107.172.97.172;;
;;107.173.141.103;;
;;107.173.141.114;;
;;107.173.181.139;;
;;107.174.68.60;;
;;107.175.0.140;;
;;109.201.140.103;;
;;118.184.169.48;;
;;129.204.16.71;;
;;134.19.215.3;;
;;136.243.87.112;;
;;137.74.131.16;;
;;137.74.131.18;;
;;137.74.131.19;;
;;137.74.131.20;;
;;137.74.131.22;;
;;137.74.131.24;;
;;137.74.131.25;;
;;137.74.131.30;;
;;138.201.75.227;;
;;139.162.178.215;;
;;141.95.177.128;;
;;141.95.177.129;;
;;141.95.177.130;;
;;141.95.177.131;;
;;141.95.177.132;;
;;141.95.177.133;;
;;141.95.177.134;;
;;141.95.177.135;;
;;141.95.177.142;;
;;141.95.177.143;;
;;141.95.22.153;;
;;141.98.252.143;;
;;144.76.109.88;;
;;146.19.143.14;;
;;146.70.106.89;;
;;146.70.124.102;;
;;146.70.149.61;;
;;146.70.172.227;;
;;148.251.204.131;;
;;149.202.216.53;;
;;149.202.242.80;;
;;149.202.242.84;;
;;149.202.242.85;;
;;149.202.242.87;;
;;151.80.172.146;;
;;151.80.172.147;;
;;151.80.172.149;;
;;154.185.49.88;;
;;157.230.9.58;;
;;157.90.152.26;;
;;157.90.153.60;;
;;159.198.36.115;;
;;162.223.89.11;;
;;162.223.89.53;;
;;162.255.119.28;;
;;163.172.147.222;;
;;164.132.237.64;;
;;164.132.237.65;;
;;164.132.237.66;;
;;164.132.237.67;;
;;164.132.237.70;;
;;164.132.237.71;;
;;164.132.237.74;;
;;164.132.237.75;;
;;164.132.237.76;;
;;164.132.237.78;;
;;164.132.237.79;;
;;169.150.227.205;;
;;169.150.227.23;;
;;169.150.227.230;;
;;173.205.92.72;;
;;173.214.162.246;;
;;178.32.30.0;;
;;178.32.30.1;;
;;178.32.30.2;;
;;178.32.30.3;;
;;182.92.216.171;;
;;183.242.76.101;;
;;185.117.73.52;;
;;185.117.75.101;;
;;185.117.75.116;;
;;185.118.164.165;;
;;185.118.164.195;;
;;185.118.164.213;;
;;185.14.248.26;;
;;185.141.27.14;;
;;185.141.27.156;;
;;185.162.235.182;;
;;185.183.96.11;;
;;185.183.96.28;;
;;185.183.97.25;;
;;185.185.25.175;;
;;185.23.253.143;;
;;185.244.149.215;;
;;185.244.149.218;;
;;185.248.144.158;;
;;185.248.85.20;;
;;185.254.37.173;;
;;185.34.16.82;;
;;185.82.202.240;;
;;185.82.202.66;;
;;185.82.202.70;;
;;190.220.8.145;;
;;192.169.6.88;;
;;192.210.214.83;;
;;192.227.147.152;;
;;192.3.95.152;;
;;192.52.166.191;;
;;192.52.167.209;;
;;192.64.86.174;;
;;193.109.120.59;;
;;193.188.64.155;;
;;193.200.16.3;;
;;194.11.246.101;;
;;194.11.246.78;;
;;194.187.249.78;;
;;194.4.50.133;;
;;194.61.121.86;;
;;195.20.17.44;;
;;198.46.178.135;;
;;198.54.131.36;;
;;200.200.200.248;;
;;23.94.50.197;;
;;23.95.215.100;;
;;24.244.207.36;;
;;31.171.154.54;;
;;31.171.154.67;;
;;37.120.146.125;;
;;37.120.146.73;;
;;37.187.204.25;;
;;37.187.204.26;;
;;38.132.99.167;;
;;39.100.95.30;;
;;39.104.62.128;;
;;39.44.141.155;;
;;43.139.178.211;;
;;45.113.194.127;;
;;45.150.108.198;;
;;45.150.64.23;;
;;45.150.64.239;;
;;45.150.64.39;;
;;45.159.248.244;;
;;45.56.162.111;;
;;45.67.230.91;;
;;45.86.228.23;;
;;45.86.230.20;;
;;46.101.36.39;;
;;46.105.84.146;;
;;46.166.176.210;;
;;46.166.176.225;;
;;46.166.176.242;;
;;46.249.35.243;;
;;46.99.148.96;;
;;5.196.249.161;;
;;5.196.249.162;;
;;5.199.133.149;;
;;5.252.23.52;;
;;5.56.132.179;;
;;5.9.0.155;;
;;51.16.209.105;;
;;51.254.25.36;;
;;51.255.19.177;;
;;51.255.19.178;;
;;51.255.19.179;;
;;51.38.119.50;;
;;51.77.97.65;;
;;51.83.56.226;;
;;64.7.198.12;;
;;65.21.183.238;;
;;7.236.212.22;;
;;77.91.74.23;;
;;78.129.139.131;;
;;78.129.139.134;;
;;78.129.139.143;;
;;78.129.139.147;;
;;78.129.139.148;;
;;78.129.222.56;;
;;79.106.224.203;;
;;79.106.97.182;;
;;80.80.163.182;;
;;80.90.87.201;;
;;82.102.8.101;;
;;83.171.238.62;;
;;85.215.228.157;;
;;85.239.61.97;;
;;87.113.216.57;;
;;87.236.212.184;;
;;87.236.212.22;;
;;88.119.170.124;;
;;88.221.15.19;;
;;88.99.17.148;;
;;89.221.225.81;;
;;89.33.246.82;;
;;91.121.240.100;;
;;91.121.240.101;;
;;91.121.240.102;;
;;91.121.240.103;;
;;91.121.240.104;;
;;91.121.240.105;;
;;91.121.240.106;;
;;91.121.240.107;;
;;91.121.240.108;;
;;91.121.240.109;;
;;91.121.240.110;;
;;91.121.240.111;;
;;91.121.240.96;;
;;91.121.240.98;;
;;91.121.240.99;;
;;91.121.61.76;;
;;91.132.139.194;;
;;91.132.139.196;;
;;91.134.169.137;;
;;91.134.169.139;;
;;91.187.114.210;;
;;91.195.240.19;;
;;91.235.234.130;;
;;91.235.234.202;;
;;91.32.139.159;;
;;94.131.109.65;;
;;94.131.3.160;;
;;94.131.98.14;;
;;94.23.148.194;;
;;95.164.32.69;;
;;95.164.38.99;;
;;95.164.46.199;;
;;95.164.46.35;;
;;95.181.161.50;;
;;95.181.161.81;;
;;51.77.102.106;;
;;5.39.222.67;;
;;146.70.104.249;;
;;157.154.194.6;;
;;5.255.99.59;;
;;108.62.141.161;;
;;108.62.118.136;;
;;156.96.62.58;;
;;5.255.111.12;;
;;45.125.67.128;;
;;5.255.117.134;;
;;172.99.149.14;;
;;5.255.116.133;;
